name,url,username,password
github.com,https://github.com/login,test,tset
github.com,https://github.com/login,test,hello
github.com,https://github.com/login,test,world
github.com,https://github.com/login,test,test
github.com,https://github.com/login,test,tset
github.com,https://github.com/login,test,tset
github.com,https://github.com/login,test,tset
github.com,https://github.com/login,test,tset
github.com,https://github.com/login,test,tset
github.com,https://github.com/login,test,tset
github.com,https://github.com/login,test,tset
github.com,https://github.com/login,test,tset
github.com,https://github.com/login,test,tset
github.com,https://github.com/login,test,tset
github.com,https://github.com/login,test,tset
github.com,https://github.com/login,test,tset
github.com,https://github.com/login,test,tset
github.com,https://github.com/login,test,tset
github.com,https://github.com/login,test,tset
github.com,https://github.com/login,test,tset
github.com,https://github.com/login,test,tset
github.com,https://github.com/login,test,tset
github.com,https://github.com/login,test,tset
github.com,https://github.com/login,test,tset
github.com,https://github.com/login,test,tset
github.com,https://github.com/login,test,tset
